{"properties":{"connectionReferences":{"shared_cognitiveservicescomputervision":{"runtimeSource":"invoker","connection":{},"api":{"name":"shared_cognitiveservicescomputervision"}}},"definition":{"$schema":"https://schema.management.azure.com/providers/Microsoft.Logic/schemas/2016-06-01/workflowdefinition.json#","contentVersion":"1.0.0.0","parameters":{"$connections":{"defaultValue":{},"type":"Object"},"$authentication":{"defaultValue":{},"type":"SecureObject"}},"triggers":{"manual":{"type":"Request","kind":"PowerApp","inputs":{"schema":{"type":"object","properties":{"Initializevariable_Value":{"type":"string","description":"Enter initial value","x-ms-powerflows-param-ispartial":false}},"required":["Initializevariable_Value"]}}}},"actions":{"Store_Power_Apps_Image_Value":{"runAfter":{},"type":"InitializeVariable","inputs":{"variables":[{"name":"RawImageValue","type":"string","value":"@{triggerBody()['Initializevariable_Value']}"}]}},"Set_the_Split_Text_Value_for_the_Power_Apps_Image_Value":{"runAfter":{"Store_Power_Apps_Image_Value":["Succeeded"]},"type":"InitializeVariable","inputs":{"variables":[{"name":"SplitTextValue","type":"string","value":"base64,"}]}},"Remove_the_Header_Info_from_the_Power_Apps_Image_Value":{"runAfter":{"Set_the_Split_Text_Value_for_the_Power_Apps_Image_Value":["Succeeded"]},"type":"InitializeVariable","inputs":{"variables":[{"name":"ImageBase64","type":"string","value":"@{substring(variables('RawImageValue'), add(indexOf(variables('RawImageValue'), variables('SplitTextValue')), length(variables('SplitTextValue'))))}"}]}},"Analyze_Image":{"runAfter":{"Construct_the_Image_JSON_Request":["Succeeded"]},"metadata":{"flowSystemMetadata":{"swaggerOperationId":"AnalyzeImageV2"}},"type":"ApiConnection","inputs":{"host":{"connection":{"name":"@json(decodeBase64(triggerOutputs().headers['X-MS-APIM-Tokens']))['$connections']['shared_cognitiveservicescomputervision']['connectionId']"}},"method":"post","body":"@outputs('Construct_the_Image_JSON_Request')","path":"/vision/v2.0/analyze","queries":{"format":"Image Content","visualFeatures":"Tags,Description,Categories"},"authentication":{"type":"Raw","value":"@json(decodeBase64(triggerOutputs().headers['X-MS-APIM-Tokens']))['$ConnectionKey']"}}},"Initialize_variable":{"runAfter":{"Analyze_Image":["Succeeded"]},"type":"InitializeVariable","inputs":{"variables":[{"name":"FirstImageCaption","type":"string","value":"@{first(body('Analyze_Image')?['description']?['captions'])?['text']}"}]}},"Respond_to_a_PowerApp_or_flow":{"runAfter":{"Initialize_variable":["Succeeded"]},"type":"Response","kind":"PowerApp","inputs":{"statusCode":200,"body":{"response":"@variables('FirstImageCaption')"},"schema":{"type":"object","properties":{"response":{"title":"Response","x-ms-dynamically-added":true,"type":"string"}}}}},"Construct_the_Image_JSON_Request":{"runAfter":{"Remove_the_Header_Info_from_the_Power_Apps_Image_Value":["Succeeded"]},"type":"Compose","inputs":{"$content-type":"application/octet-stream","$content":"@{variables('ImageBase64')}"}}},"outputs":{}}},"schemaVersion":"1.0.0.0"}