{"properties":{"connectionReferences":{},"definition":{"$schema":"https://schema.management.azure.com/providers/Microsoft.Logic/schemas/2016-06-01/workflowdefinition.json#","contentVersion":"1.0.0.0","parameters":{"$authentication":{"defaultValue":{},"type":"SecureObject"}},"triggers":{"manual":{"type":"Request","kind":"PowerApp","inputs":{"schema":{"type":"object","properties":{"PowerAppsImageValue_Value":{"type":"string","description":"Enter initial value","x-ms-powerflows-param-ispartial":false}},"required":["PowerAppsImageValue_Value"]}}}},"actions":{"Respond_to_a_PowerApp_or_flow":{"runAfter":{"Join_all_text_elements_together":["Succeeded"]},"type":"Response","kind":"PowerApp","inputs":{"statusCode":200,"body":{"text":"@body('Join_all_text_elements_together')"},"schema":{"type":"object","properties":{"text":{"title":"Text","x-ms-dynamically-added":true,"type":"string"}}}}},"Initialize_ApiKey_Variable_for_Computer_Vision_API":{"runAfter":{},"type":"InitializeVariable","inputs":{"variables":[{"name":"ApiKey","type":"string","value":"PUT_YOUR_API_KEY_HERE"}]}},"HTTP_(using_v3.1_Computer_Vision)":{"runAfter":{"Remove_the_Header_Info_from_the_Power_Apps_Image_Value":["Succeeded"]},"type":"Http","inputs":{"method":"POST","uri":"@variables('Computer Vision URL Endpoint')","headers":{"Content-Type":"application/octet-stream","Accept":"application/json","Ocp-Apim-Subscription-Key":"@variables('ApiKey')"},"body":"@base64ToBinary(variables('ImageBase64'))"}},"Store_Operation-Location":{"runAfter":{"HTTP_(using_v3.1_Computer_Vision)":["Succeeded"]},"type":"InitializeVariable","inputs":{"variables":[{"name":"ResultUrl","type":"string","value":"@{outputs('HTTP_(using_v3.1_Computer_Vision)')['headers']?['Operation-Location']}"}]}},"Initialize_OperationCompleted_variable":{"runAfter":{"Store_Operation-Location":["Succeeded"]},"type":"InitializeVariable","inputs":{"variables":[{"name":"OperationCompleted","type":"string"}]}},"Do_until":{"actions":{"Parse_JSON":{"runAfter":{"HTTP_(using_v3.1_Computer_Vision)_3":["Succeeded"]},"type":"ParseJson","inputs":{"content":"@body('HTTP_(using_v3.1_Computer_Vision)_3')","schema":{"type":"object","properties":{"status":{"type":"string"},"createdDateTime":{"type":"string"},"lastUpdatedDateTime":{"type":"string"},"analyzeResult":{"type":"object","properties":{"version":{"type":"string"},"readResults":{"type":"array","items":{"type":"object","properties":{"page":{"type":"integer"},"angle":{"type":"number"},"width":{"type":"integer"},"height":{"type":"integer"},"unit":{"type":"string"},"lines":{"type":"array","items":{"type":"object","properties":{"boundingBox":{"type":"array","items":{"type":"integer"}},"text":{"type":"string"},"words":{"type":"array","items":{"type":"object","properties":{"boundingBox":{"type":"array","items":{"type":"integer"}},"text":{"type":"string"},"confidence":{"type":"number"}},"required":["boundingBox","text","confidence"]}}},"required":["boundingBox","text","words"]}}},"required":["page","angle","width","height","unit","lines"]}}}}}}}},"Set_variable":{"runAfter":{"Parse_JSON":["Succeeded"]},"type":"SetVariable","inputs":{"name":"OperationCompleted","value":"@body('Parse_JSON')?['status']"}},"Delay":{"runAfter":{},"type":"Wait","inputs":{"interval":{"count":1,"unit":"Second"}}},"HTTP_(using_v3.1_Computer_Vision)_3":{"runAfter":{"Delay":["Succeeded"]},"type":"Http","inputs":{"method":"GET","uri":"@variables('ResultUrl')","headers":{"Content-Type":"application/json","Accept":"application/json","Ocp-Apim-Subscription-Key":"@variables('ApiKey')"}}}},"runAfter":{"Initialize_OperationCompleted_variable":["Succeeded"]},"expression":"@equals(variables('OperationCompleted'), 'succeeded')","limit":{"count":10,"timeout":"PT1H"},"type":"Until"},"Initialize_the_text_array":{"runAfter":{"Do_until":["Succeeded"]},"type":"InitializeVariable","inputs":{"variables":[{"name":"TextArray","type":"array"}]}},"Apply_to_each":{"foreach":"@body('Parse_JSON')?['analyzeResult']?['readResults']","actions":{"Apply_to_each_2":{"foreach":"@items('Apply_to_each')?['lines']","actions":{"Append_to_array_variable":{"runAfter":{},"type":"AppendToArrayVariable","inputs":{"name":"TextArray","value":"@items('Apply_to_each_2')?['text']"}}},"runAfter":{},"type":"Foreach"}},"runAfter":{"Initialize_the_text_array":["Succeeded"]},"type":"Foreach"},"Join_all_text_elements_together":{"runAfter":{"Apply_to_each":["Succeeded"]},"type":"Join","inputs":{"from":"@variables('TextArray')","joinWith":" "}},"Power_Apps_Image_Value":{"runAfter":{"Initialize_variable":["Succeeded"]},"type":"InitializeVariable","inputs":{"variables":[{"name":"RawImageValue","type":"string","value":"@{triggerBody()['PowerAppsImageValue_Value']}"}]}},"Set_the_Split_Text_Value_for_the_Power_Apps_Image_Value":{"runAfter":{"Power_Apps_Image_Value":["Succeeded"]},"type":"InitializeVariable","inputs":{"variables":[{"name":"SplitTextValue","type":"string","value":"base64,"}]}},"Remove_the_Header_Info_from_the_Power_Apps_Image_Value":{"runAfter":{"Set_the_Split_Text_Value_for_the_Power_Apps_Image_Value":["Succeeded"]},"type":"InitializeVariable","inputs":{"variables":[{"name":"ImageBase64","type":"string","value":"@{substring(variables('RawImageValue'), add(indexOf(variables('RawImageValue'), variables('SplitTextValue')), length(variables('SplitTextValue'))))}"}]}},"Initialize_variable":{"runAfter":{"Initialize_ApiKey_Variable_for_Computer_Vision_API":["Succeeded"]},"type":"InitializeVariable","inputs":{"variables":[{"name":"Computer Vision URL Endpoint","type":"string","value":"https://<PUT_YOUR_ENDPOINT_URL_HERE>/vision/v3.1/read/analyze"}]}}},"outputs":{}}},"schemaVersion":"1.0.0.0"}