{"properties":{"connectionReferences":{"shared_commondataserviceforapps":{"runtimeSource":"embedded","connection":{},"api":{"name":"shared_commondataserviceforapps"}}},"definition":{"$schema":"https://schema.management.azure.com/providers/Microsoft.Logic/schemas/2016-06-01/workflowdefinition.json#","contentVersion":"1.0.0.0","parameters":{"$connections":{"defaultValue":{},"type":"Object"},"$authentication":{"defaultValue":{},"type":"SecureObject"}},"triggers":{"manual":{"type":"Request","kind":"Button","inputs":{"schema":{"type":"object","properties":{"text":{"title":"UpdateValue","type":"string","x-ms-dynamically-added":true,"description":"Please enter your input","x-ms-content-hint":"TEXT"}},"required":["text"]}}}},"actions":{"List_records":{"runAfter":{},"type":"OpenApiConnection","inputs":{"host":{"connectionName":"shared_commondataserviceforapps","operationId":"ListRecords","apiId":"/providers/Microsoft.PowerApps/apis/shared_commondataserviceforapps"},"parameters":{"entityName":"crdb6_demopagingentities"},"authentication":{"type":"Raw","value":"@json(decodeBase64(triggerOutputs().headers['X-MS-APIM-Tokens']))['$ConnectionKey']"}}},"Initialize_NextUrl_Variable":{"runAfter":{"Apply_to_each":["Succeeded"]},"type":"InitializeVariable","inputs":{"variables":[{"name":"NextUrl","type":"string","value":"@outputs('List_records')?['body/@odata.nextLink']"}]}},"Initialize_SkipToken_Variable":{"runAfter":{"Initialize_NextUrl_Variable":["Succeeded"]},"type":"InitializeVariable","inputs":{"variables":[{"name":"SkipToken","type":"string"}]}},"Do_until":{"actions":{"Update_SkipToken_Variable":{"runAfter":{},"type":"SetVariable","inputs":{"name":"SkipToken","value":"@{decodeUriComponent(last(split(uriQuery(variables('NextUrl')), 'skiptoken=')))}"}},"List_records_2":{"runAfter":{"Update_SkipToken_Variable":["Succeeded"]},"type":"OpenApiConnection","inputs":{"host":{"connectionName":"shared_commondataserviceforapps","operationId":"ListRecords","apiId":"/providers/Microsoft.PowerApps/apis/shared_commondataserviceforapps"},"parameters":{"entityName":"crdb6_demopagingentities","$skiptoken":"@variables('SkipToken')"},"authentication":{"type":"Raw","value":"@json(decodeBase64(triggerOutputs().headers['X-MS-APIM-Tokens']))['$ConnectionKey']"}}},"Get_the_new_NextUrl_value":{"runAfter":{"Apply_to_each_2":["Succeeded"]},"type":"SetVariable","inputs":{"name":"NextUrl","value":"@outputs('List_records_2')?['body/@odata.nextLink']"}},"Apply_to_each_2":{"foreach":"@outputs('List_records_2')?['body/value']","actions":{"Run_a_Child_Flow_2":{"runAfter":{},"type":"Workflow","inputs":{"host":{"workflowReferenceName":"758b1f66-0c4a-eb11-a813-000d3a104f1a"},"body":{"text":"@items('Apply_to_each_2')?['crdb6_name']","text_1":"@triggerBody()['text']","text_2":"@items('Apply_to_each_2')?['crdb6_demopagingentityid']"}}}},"runAfter":{"List_records_2":["Succeeded"]},"type":"Foreach"}},"runAfter":{"Initialize_SkipToken_Variable":["Succeeded"]},"expression":"@not(equals(variables('NextUrl'), 'null'))","limit":{"count":60,"timeout":"PT1H"},"type":"Until"},"Apply_to_each":{"foreach":"@outputs('List_records')?['body/value']","actions":{"Run_a_Child_Flow":{"runAfter":{},"type":"Workflow","inputs":{"host":{"workflowReferenceName":"758b1f66-0c4a-eb11-a813-000d3a104f1a"},"body":{"text":"@items('Apply_to_each')?['crdb6_name']","text_1":"@triggerBody()['text']","text_2":"@items('Apply_to_each')?['crdb6_demopagingentityid']"}}}},"runAfter":{"List_records":["Succeeded"]},"type":"Foreach"}},"outputs":{}}},"schemaVersion":"1.0.0.0"}