<ImportExportXml xmlns:xsi="http://www.w3.org/2001/XMLSchema-instance">
  <Entities></Entities>
  <Roles></Roles>
  <Workflows>
    <Workflow WorkflowId="{cc46cfdf-669b-ea11-a811-001dd8018396}" Name="Power Apps Azure Gov Computer Vision Flow">
      <JsonFileName>/Workflows/PowerAppsAzureGovComputerVisionFlow-CC46CFDF-669B-EA11-A811-001DD8018396.json</JsonFileName>
      <Type>1</Type>
      <Subprocess>0</Subprocess>
      <Category>5</Category>
      <Mode>0</Mode>
      <Scope>4</Scope>
      <OnDemand>0</OnDemand>
      <TriggerOnCreate>0</TriggerOnCreate>
      <TriggerOnDelete>0</TriggerOnDelete>
      <AsyncAutodelete>0</AsyncAutodelete>
      <SyncWorkflowLogOnFailure>0</SyncWorkflowLogOnFailure>
      <StateCode>1</StateCode>
      <StatusCode>2</StatusCode>
      <RunAs>1</RunAs>
      <IsTransacted>1</IsTransacted>
      <IntroducedVersion>1.0</IntroducedVersion>
      <IsCustomizable>1</IsCustomizable>
      <PrimaryEntity>none</PrimaryEntity>
      <LocalizedNames>
        <LocalizedName languagecode="1033" description="Power Apps Azure Gov Computer Vision Flow" />
      </LocalizedNames>
    </Workflow>
  </Workflows>
  <FieldSecurityProfiles></FieldSecurityProfiles>
  <Templates />
  <EntityMaps />
  <EntityRelationships />
  <OrganizationSettings />
  <optionsets />
  <CustomControls />
  <EntityDataProviders />
  <CanvasApps>
    <CanvasApp>
      <Name>cr37f_computervisioncanvasapp_cd7cf</Name>
      <AppVersion>2020-05-21T14:07:50Z</AppVersion>
      <Status>Ready</Status>
      <CreatedByClientVersion>3.20051.16.0</CreatedByClientVersion>
      <MinClientVersion>3.20051.16.0</MinClientVersion>
      <Tags>{"primaryDeviceWidth":"640","primaryDeviceHeight":"1136","sienaVersion":"42dc65e8-3ba9-41e0-8148-7507ef0b8b41","deviceCapabilities":"webcam","supportsPortrait":"true","supportsLandscape":"false","primaryFormFactor":"Phone","publisherVersion":"3.20051.16","minimumRequiredApiVersion":"2.2.0","hasComponent":"false","hasUnlockedComponent":"false","isUnifiedRootApp":"false"}</Tags>
      <IsCdsUpgraded>0</IsCdsUpgraded>
      <GalleryItemId xsi:nil="true"></GalleryItemId>
      <BackgroundColor>rgba(0, 176, 240, 1)</BackgroundColor>
      <DisplayName>Computer Vision Canvas App</DisplayName>
      <Description xsi:nil="true"></Description>
      <CommitMessage xsi:nil="true"></CommitMessage>
      <Publisher></Publisher>
      <AuthorizationReferences xsi:nil="true"></AuthorizationReferences>
      <ConnectionReferences>{"f98a5779-235a-480a-afa7-dd9a92beae4d":{"id":"/providers/microsoft.powerapps/apis/shared_logicflows","displayName":"Logic flows","iconUri":"https://resourcestackdeploy.blob.core.windows.net/scripts/13276078.png","dataSources":["PowerAppsAzureGovComputerVisionFlow_1"],"dependencies":["809cecde-1954-4a28-a04f-5e6e8d09f945"],"dependents":[],"parameterHints":{"workflowName":{"value":"d4b728bc-1a76-4201-a892-69d5b382ae7f"},"809cecde-1954-4a28-a04f-5e6e8d09f945":{"value":"shared_cognitiveservicescomputervision"}},"isOnPremiseConnection":false,"bypassConsent":false,"dataSets":{},"apiTier":"Standard"},"809cecde-1954-4a28-a04f-5e6e8d09f945":{"id":"/providers/microsoft.powerapps/apis/shared_cognitiveservicescomputervision","displayName":"Computer Vision API","iconUri":"https://connectoricons-prod.azureedge.net/cognitiveservicescomputervision/icon_1.0.1308.1899.png","dataSources":[],"dependencies":[],"dependents":["f98a5779-235a-480a-afa7-dd9a92beae4d"],"parameterHints":{},"isOnPremiseConnection":false,"sharedConnectionId":"0bedede1-d37f-4b5b-989b-24a18062000e","bypassConsent":false,"dataSets":{},"apiTier":"Standard"}}</ConnectionReferences>
      <DatabaseReferences>{}</DatabaseReferences>
      <CanvasAppType>0</CanvasAppType>
      <BypassConsent>0</BypassConsent>
      <AdminControlBypassConsent>0</AdminControlBypassConsent>
      <EmbeddedApp xsi:nil="true"></EmbeddedApp>
      <IntroducedVersion>1.0</IntroducedVersion>
      <CdsDependencies>{"cdsdependencies":[]}</CdsDependencies>
      <BackgroundImageUri>/CanvasApps/cr37f_computervisioncanvasapp_cd7cf_BackgroundImageUri</BackgroundImageUri>
      <DocumentUri>/CanvasApps/cr37f_computervisioncanvasapp_cd7cf_DocumentUri.msapp</DocumentUri>
    </CanvasApp>
  </CanvasApps>
  <Languages>
    <Language>1033</Language>
  </Languages>
</ImportExportXml>