{"properties":{"connectionReferences":{"shared_wordonlinebusiness":{"runtimeSource":"embedded","connection":{},"api":{"name":"shared_wordonlinebusiness"}},"shared_office365":{"runtimeSource":"embedded","connection":{},"api":{"name":"shared_office365"}},"shared_onedriveforbusiness":{"runtimeSource":"embedded","connection":{},"api":{"name":"shared_onedriveforbusiness"}},"shared_commondataservice_2":{"runtimeSource":"embedded","connection":{},"api":{"name":"shared_commondataservice"}},"shared_webcontents_1":{"runtimeSource":"embedded","connection":{},"api":{"name":"shared_webcontents"}},"shared_commondataservice_1":{"runtimeSource":"embedded","connection":{},"api":{"name":"shared_commondataservice"}}},"definition":{"$schema":"https://schema.management.azure.com/providers/Microsoft.Logic/schemas/2016-06-01/workflowdefinition.json#","contentVersion":"1.0.0.0","parameters":{"$connections":{"defaultValue":{},"type":"Object"},"$authentication":{"defaultValue":{},"type":"SecureObject"}},"triggers":{"When_a_new_signature_record_is_created":{"metadata":{"flowSystemMetadata":{"swaggerOperationId":"SubscribeOnNewItems"}},"type":"ApiConnectionWebhook","inputs":{"host":{"connection":{"name":"@parameters('$connections')['shared_commondataservice_1']['connectionId']"}},"body":{"NotificationUrl":"@{listCallbackUrl()}"},"path":"/datasets/@{encodeURIComponent(encodeURIComponent('default.cds'))}/tables/@{encodeURIComponent(encodeURIComponent('cr7a2_signatures'))}/onnewitemswebhook","queries":{"scope":"Organization"},"authentication":"@parameters('$authentication')"}}},"actions":{"Populate_a_Microsoft_Word_template":{"runAfter":{"Format_the_signature_image_JSON":["Succeeded"]},"metadata":{"01EZ6IPT4YBIHFAB6WJREJ525DPIFMT2ZS":"/Signatures/AgreementsTemplate_NEW.docx","flowSystemMetadata":{"swaggerOperationId":"CreateFileItem"},"01EZ6IPT43ZISVHOLTOZCYS2KESVLAYX7R":"/Signatures/AgreementsTemplate_NEW.docx","01CVUCNNJLTBC5QKIWKFDKNPN23JSN3OWQ":"/Signatures/AgreementsTemplate_NEW.docx"},"type":"ApiConnection","inputs":{"host":{"connection":{"name":"@parameters('$connections')['shared_wordonlinebusiness']['connectionId']"}},"method":"post","body":{"482821023":"@body('Get_created_by_user_info')?['fullname']","567306475":"@outputs('Format_the_signature_image_JSON')","894549179":"@body('Get_Signature_Record_(with_OData_URI_info)')?['createdon']","1479493694":"@body('Get_Signature_Record_(with_OData_URI_info)')?['createdon']"},"path":"/api/templates/getFile","queries":{"source":"me","drive":"b!xYMFbGOFpUaJoKkp5u2xmdAHcn7K8j9BgDglr2Np1x_YJvoON8xQTZFDmJ7kLOto","file":"01CVUCNNJLTBC5QKIWKFDKNPN23JSN3OWQ"},"authentication":"@parameters('$authentication')"}},"Send_the_PDF_via_Email":{"runAfter":{"Delete_Temp_File_from_OneDrive":["Succeeded"]},"metadata":{"flowSystemMetadata":{"swaggerOperationId":"SendEmailV2"}},"type":"ApiConnection","inputs":{"host":{"connection":{"name":"@parameters('$connections')['shared_office365']['connectionId']"}},"method":"post","body":{"To":"@body('Get_created_by_user_info')?['internalemailaddress']","Subject":"Form submission PDF Copy","Body":"<p>Attached is a copy of the signed PDF for the Terms and Agreements document.</p>","Attachments":[{"Name":"form.pdf","ContentBytes":"@{base64(body('Convert_Word_Document_to_PDF'))}"}]},"path":"/v2/Mail","authentication":"@parameters('$authentication')"}},"Convert_Word_Document_to_PDF":{"runAfter":{"Save_Temp_File_to_OneDrive":["Succeeded"]},"metadata":{"flowSystemMetadata":{"swaggerOperationId":"GetFilePDF"},"01EZ6IPT6SCWQWVQR2UFEK7MOJ5S52GNKI":"/Signatures/temp_doc.docx"},"type":"ApiConnection","inputs":{"host":{"connection":{"name":"@parameters('$connections')['shared_wordonlinebusiness']['connectionId']"}},"method":"get","path":"/api/templates/convertFile","queries":{"source":"me","drive":"b!xYMFbGOFpUaJoKkp5u2xmdAHcn7K8j9BgDglr2Np1x_YJvoON8xQTZFDmJ7kLOto","file":"@body('Save_Temp_File_to_OneDrive')?['Path']","format":"pdf"},"authentication":"@parameters('$authentication')"}},"Save_Temp_File_to_OneDrive":{"runAfter":{"Populate_a_Microsoft_Word_template":["Succeeded"]},"metadata":{"flowSystemMetadata":{"swaggerOperationId":"CreateFile"}},"type":"ApiConnection","inputs":{"host":{"connection":{"name":"@parameters('$connections')['shared_onedriveforbusiness']['connectionId']"}},"method":"post","body":"@body('Populate_a_Microsoft_Word_template')","path":"/datasets/default/files","queries":{"folderPath":"/Signatures","name":"temp_doc_@{guid()}.docx"},"authentication":"@parameters('$authentication')"},"runtimeConfiguration":{"contentTransfer":{"transferMode":"Chunked"}}},"Format_the_signature_image_JSON":{"runAfter":{"Download_the_signature":["Succeeded"]},"type":"Compose","inputs":{"$content-type":"image/png","$content":"@{body('Download_the_signature')?['$content']}"}},"Get_created_by_user_info":{"runAfter":{},"metadata":{"flowSystemMetadata":{"swaggerOperationId":"GetItem_V2"}},"type":"ApiConnection","inputs":{"host":{"connection":{"name":"@parameters('$connections')['shared_commondataservice_2']['connectionId']"}},"method":"get","path":"/v2/datasets/@{encodeURIComponent(encodeURIComponent('default.cds'))}/tables/@{encodeURIComponent(encodeURIComponent('systemusers'))}/items/@{encodeURIComponent(encodeURIComponent(triggerBody()?['_createdby_value']))}","authentication":"@parameters('$authentication')"}},"Get_User_Full_OData_URI":{"runAfter":{"Get_Signature_Record_(with_OData_URI_info)":["Succeeded"]},"type":"InitializeVariable","inputs":{"variables":[{"name":"SignatureODataURI","type":"string","value":"@{body('Get_Signature_Record_(with_OData_URI_info)')?['@odata.id']}"}]}},"Set_Base_OData_URI":{"runAfter":{"Get_User_Full_OData_URI":["Succeeded"]},"type":"InitializeVariable","inputs":{"variables":[{"name":"BaseDynamicsODataURI","type":"string","value":"@{substring(variables('SignatureODataURI'),0,lastIndexOf(variables('SignatureODataURI'),'/'))}"}]}},"Download_the_signature":{"runAfter":{"Set_Base_OData_URI":["Succeeded"]},"metadata":{"flowSystemMetadata":{"swaggerOperationId":"InvokeHttp"}},"type":"ApiConnection","inputs":{"host":{"connection":{"name":"@parameters('$connections')['shared_webcontents_1']['connectionId']"}},"method":"post","body":{"method":"GET","url":"@{variables('BaseDynamicsODataURI')}/cr7a2_signatures(@{triggerBody()?['cr7a2_signatureid']})/cr7a2_signatureimage/$value"},"path":"/codeless/InvokeHttp","authentication":"@parameters('$authentication')"}},"Delete_Temp_File_from_OneDrive":{"runAfter":{"Convert_Word_Document_to_PDF":["Succeeded"]},"metadata":{"flowSystemMetadata":{"swaggerOperationId":"DeleteFile"}},"type":"ApiConnection","inputs":{"host":{"connection":{"name":"@parameters('$connections')['shared_onedriveforbusiness']['connectionId']"}},"method":"delete","path":"/datasets/default/files/@{encodeURIComponent(encodeURIComponent(body('Save_Temp_File_to_OneDrive')?['Id']))}","authentication":"@parameters('$authentication')"}},"Get_Signature_Record_(with_OData_URI_info)":{"runAfter":{"Get_created_by_user_info":["Succeeded"]},"metadata":{"flowSystemMetadata":{"swaggerOperationId":"GetItem_V2"}},"type":"ApiConnection","inputs":{"host":{"connection":{"name":"@parameters('$connections')['shared_commondataservice_2']['connectionId']"}},"method":"get","path":"/v2/datasets/@{encodeURIComponent(encodeURIComponent('default.cds'))}/tables/@{encodeURIComponent(encodeURIComponent('cr7a2_signatures'))}/items/@{encodeURIComponent(encodeURIComponent(triggerBody()?['cr7a2_signatureid']))}","authentication":"@parameters('$authentication')"}}}}},"schemaVersion":"1.0.0.0"}