{"properties":{"connectionReferences":{"shared_onedriveforbusiness":{"runtimeSource":"invoker","connection":{},"api":{"name":"shared_onedriveforbusiness"}}},"definition":{"$schema":"https://schema.management.azure.com/providers/Microsoft.Logic/schemas/2016-06-01/workflowdefinition.json#","contentVersion":"1.0.0.0","parameters":{"$connections":{"defaultValue":{},"type":"Object"},"$authentication":{"defaultValue":{},"type":"SecureObject"}},"triggers":{"manual":{"type":"Request","kind":"Button","inputs":{"schema":{"type":"object","properties":{},"required":[]}}}},"actions":{"HTTP":{"runAfter":{},"type":"Http","inputs":{"method":"GET","uri":"https://raw.githubusercontent.com/SteveWinward/PowerApps/master/WriteUps/Samples/ElectronicSignatures/AgreementsTemplate_NEW.docx"}},"Create_file":{"runAfter":{"HTTP":["Succeeded"]},"type":"OpenApiConnection","inputs":{"host":{"connectionName":"shared_onedriveforbusiness","operationId":"CreateFile","apiId":"/providers/Microsoft.PowerApps/apis/shared_onedriveforbusiness"},"parameters":{"folderPath":"/Signatures","name":"AgreementsTemplate_NEW.docx","body":"@body('HTTP')"},"authentication":{"type":"Raw","value":"@json(decodeBase64(triggerOutputs().headers['X-MS-APIM-Tokens']))['$ConnectionKey']"}},"runtimeConfiguration":{"contentTransfer":{"transferMode":"Chunked"}}}},"outputs":{}}},"schemaVersion":"1.0.0.0"}