{"properties":{"connectionReferences":{"shared_onedriveforbusiness":{"runtimeSource":"invoker","connection":{"connectionReferenceLogicalName":"cr553_sharedonedriveforbusiness_e4e2c"},"api":{"name":"shared_onedriveforbusiness"}},"shared_commondataserviceforapps":{"runtimeSource":"embedded","connection":{"connectionReferenceLogicalName":"cr553_sharedcommondataserviceforapps_4d2c2"},"api":{"name":"shared_commondataserviceforapps"}}},"definition":{"$schema":"https://schema.management.azure.com/providers/Microsoft.Logic/schemas/2016-06-01/workflowdefinition.json#","contentVersion":"1.0.0.0","parameters":{"$connections":{"defaultValue":{},"type":"Object"},"$authentication":{"defaultValue":{},"type":"SecureObject"}},"triggers":{"manual":{"type":"Request","kind":"Button","inputs":{"schema":{"type":"object","properties":{},"required":[]}}}},"actions":{"List_files_in_folder":{"runAfter":{},"metadata":{"b!ut_XKsMs20ugvGvXLRvdo-ZfFrE_E3xOisOP07LzhZk-pzAl0cm3RJ3DNSwp-3GT.01O6TDLUTCB7V3CC6SZFFLBR6TFHWJNYI2":"/License Samples"},"type":"OpenApiConnection","inputs":{"host":{"connectionName":"shared_onedriveforbusiness","operationId":"ListFolderV2","apiId":"/providers/Microsoft.PowerApps/apis/shared_onedriveforbusiness"},"parameters":{"id":"b!ut_XKsMs20ugvGvXLRvdo-ZfFrE_E3xOisOP07LzhZk-pzAl0cm3RJ3DNSwp-3GT.01O6TDLUTCB7V3CC6SZFFLBR6TFHWJNYI2"},"authentication":{"type":"Raw","value":"@json(decodeBase64(triggerOutputs().headers['X-MS-APIM-Tokens']))['$ConnectionKey']"}},"runtimeConfiguration":{"paginationPolicy":{"minimumItemCount":100}}},"Apply_to_each":{"foreach":"@outputs('List_files_in_folder')?['body/value']","actions":{"Get_file_content":{"runAfter":{},"type":"OpenApiConnection","inputs":{"host":{"connectionName":"shared_onedriveforbusiness","operationId":"GetFileContent","apiId":"/providers/Microsoft.PowerApps/apis/shared_onedriveforbusiness"},"parameters":{"id":"@items('Apply_to_each')?['Id']","inferContentType":true},"authentication":{"type":"Raw","value":"@json(decodeBase64(triggerOutputs().headers['X-MS-APIM-Tokens']))['$ConnectionKey']"}}},"Process_and_save_information_from_identity_documents":{"runAfter":{"Get_file_content":["Succeeded"]},"metadata":{"flowSystemMetadata":{"portalOperationId":"aibuilderpredict_identitydocumentpretrained","portalOperationGroup":"aibuilder","portalOperationApiDisplayNameOverride":"AI Builder","portalOperationIconOverride":"https://psuxemea.azureedge.net/Content/Images/DesignerOperations/aiBuilder.png","portalOperationBrandColorOverride":"#742775","portalOperationApiTierOverride":"Standard"}},"type":"OpenApiConnection","inputs":{"host":{"connectionName":"shared_commondataserviceforapps","operationId":"aibuilderpredict_identitydocumentpretrained","apiId":"/providers/Microsoft.PowerApps/apis/shared_commondataserviceforapps"},"parameters":{"item/requestv2/base64Encoded":"@outputs('Get_file_content')?['body']"},"authentication":{"type":"Raw","value":"@json(decodeBase64(triggerOutputs().headers['X-MS-APIM-Tokens']))['$ConnectionKey']"}}},"Add_a_new_row":{"runAfter":{"Process_and_save_information_from_identity_documents":["Succeeded"]},"type":"OpenApiConnection","inputs":{"host":{"connectionName":"shared_commondataserviceforapps","operationId":"CreateRecord","apiId":"/providers/Microsoft.PowerApps/apis/shared_commondataserviceforapps"},"parameters":{"entityName":"cr553_driverslicenseresults","item/cr553_name":"@outputs('Process_and_save_information_from_identity_documents')?['body/responsev2/predictionOutput/result/fields/documentNumber/value']","item/cr553_address":"@outputs('Process_and_save_information_from_identity_documents')?['body/responsev2/predictionOutput/result/fields/address/value']","item/cr553_addressscore":"@outputs('Process_and_save_information_from_identity_documents')?['body/responsev2/predictionOutput/result/fields/address/confidence']","item/cr553_country":"@outputs('Process_and_save_information_from_identity_documents')?['body/responsev2/predictionOutput/result/fields/country/value']","item/cr553_countryscore":"@outputs('Process_and_save_information_from_identity_documents')?['body/responsev2/predictionOutput/result/fields/country/confidence']","item/cr553_dateofbirth":"@outputs('Process_and_save_information_from_identity_documents')?['body/responsev2/predictionOutput/result/fields/dateOfBirth/value']","item/cr553_dateofbirthscore":"@outputs('Process_and_save_information_from_identity_documents')?['body/responsev2/predictionOutput/result/fields/dateOfBirth/confidence']","item/cr553_expirationdate":"@outputs('Process_and_save_information_from_identity_documents')?['body/responsev2/predictionOutput/result/fields/dateOfExpiration/value']","item/cr553_expirationdatescore":"@outputs('Process_and_save_information_from_identity_documents')?['body/responsev2/predictionOutput/result/fields/dateOfExpiration/confidence']","item/cr553_firstname":"@outputs('Process_and_save_information_from_identity_documents')?['body/responsev2/predictionOutput/result/fields/firstName/value']","item/cr553_firstnamescore":"@outputs('Process_and_save_information_from_identity_documents')?['body/responsev2/predictionOutput/result/fields/firstName/confidence']","item/cr553_gender":"@outputs('Process_and_save_information_from_identity_documents')?['body/responsev2/predictionOutput/result/fields/sex/value']","item/cr553_genderscore":"@outputs('Process_and_save_information_from_identity_documents')?['body/responsev2/predictionOutput/result/fields/sex/confidence']","item/cr553_idnumber":"@outputs('Process_and_save_information_from_identity_documents')?['body/responsev2/predictionOutput/result/fields/documentNumber/value']","item/cr553_idnumberscore":"@outputs('Process_and_save_information_from_identity_documents')?['body/responsev2/predictionOutput/result/fields/documentNumber/confidence']","item/cr553_lastname":"@outputs('Process_and_save_information_from_identity_documents')?['body/responsev2/predictionOutput/result/fields/lastName/value']","item/cr553_lastnamescore":"@outputs('Process_and_save_information_from_identity_documents')?['body/responsev2/predictionOutput/result/fields/lastName/confidence']","item/cr553_region":"@outputs('Process_and_save_information_from_identity_documents')?['body/responsev2/predictionOutput/result/fields/region/value']","item/cr553_regionscore":"@outputs('Process_and_save_information_from_identity_documents')?['body/responsev2/predictionOutput/result/fields/region/confidence']"},"authentication":{"type":"Raw","value":"@json(decodeBase64(triggerOutputs().headers['X-MS-APIM-Tokens']))['$ConnectionKey']"}}}},"runAfter":{"List_files_in_folder":["Succeeded"]},"type":"Foreach"}},"outputs":{}}},"schemaVersion":"1.0.0.0"}