{"name":"516fb066-f05a-4833-b6f6-0fd6481053ad","id":"/providers/Microsoft.Flow/flows/516fb066-f05a-4833-b6f6-0fd6481053ad","type":"Microsoft.Flow/flows","properties":{"apiId":"/providers/Microsoft.PowerApps/apis/shared_logicflows","displayName":"Redaction Demo","definition":{"metadata":{"workflowEntityId":null,"flowclientsuspensionreason":"None","flowclientsuspensiontime":null,"creator":{"id":"34a5a006-e26b-4586-8566-31f2e2a5caac","type":"User","tenantId":"79d9c44a-ee77-444b-bd81-f855d8040a69"},"provisioningMethod":"FromDefinition","failureAlertSubscription":true,"clientLastModifiedTime":"2021-01-07T14:05:27.0337737Z"},"$schema":"https://schema.management.azure.com/providers/Microsoft.Logic/schemas/2016-06-01/workflowdefinition.json#","contentVersion":"1.0.0.0","parameters":{"$connections":{"defaultValue":{},"type":"Object"},"$authentication":{"defaultValue":{},"type":"SecureObject"}},"triggers":{"manual":{"type":"Request","kind":"Button","inputs":{"schema":{"type":"object","properties":{"text":{"title":"InputText","type":"string","x-ms-dynamically-added":true,"description":"Please enter your input","x-ms-content-hint":"TEXT"}},"required":["text"]}}}},"actions":{"HTTP_(using_v3.1-preview.3_version_of_Text_Analytics)":{"runAfter":{"Text_Analytics_API_Key_(Copy_this_from_the_Azure_Portal)":["Succeeded"]},"type":"Http","inputs":{"method":"POST","uri":"@{variables('TextAnalyticsUrl')}/text/analytics/v3.1-preview.3/entities/recognition/pii","headers":{"Content-Type":"application/json","Accept":"application/json","Ocp-Apim-Subscription-Key":"@variables('TextAnalyticsApiKey')"},"body":{"documents":[{"language":"en","id":"1","text":"@{triggerBody()['text']}"}]}}},"Populate_a_Microsoft_Word_template":{"runAfter":{"Extract_the_Redacted_Text":["Succeeded"]},"metadata":{"017SBC2LMOYQBUCUVM5NA2DES65YZQMYND":"/RedactionDemo/SurveyTemplate.docx"},"type":"OpenApiConnection","inputs":{"host":{"apiId":"/providers/Microsoft.PowerApps/apis/shared_wordonlinebusiness","connectionName":"shared_wordonlinebusiness","operationId":"CreateFileItem"},"parameters":{"source":"me","drive":"b!S3WRfe_u80C6Zw_eOgK6OZPMj2CH_DZMr-1zf_VbpUcxJIcOnQvoRoUlCUyEsJ5b","file":"017SBC2LMOYQBUCUVM5NA2DES65YZQMYND","dynamicFileSchema/815154374":"@variables('RedactedTest')","dynamicFileSchema/-883253391":"@utcNow()"},"authentication":{"value":"@json(decodeBase64(triggerOutputs().headers['X-MS-APIM-Tokens']))['$ConnectionKey']","type":"Raw"}}},"Parse_JSON":{"runAfter":{"HTTP_(using_v3.1-preview.3_version_of_Text_Analytics)":["Succeeded"]},"type":"ParseJson","inputs":{"content":"@body('HTTP_(using_v3.1-preview.3_version_of_Text_Analytics)')","schema":{"type":"object","properties":{"documents":{"type":"array","items":{"type":"object","properties":{"redactedText":{"type":"string"},"id":{"type":"string"},"entities":{"type":"array","items":{"type":"object","properties":{"text":{"type":"string"},"category":{"type":"string"},"offset":{"type":"integer"},"length":{"type":"integer"},"confidenceScore":{"type":"number"}},"required":["text","category","offset","length","confidenceScore"]}},"warnings":{"type":"array"}},"required":["redactedText","id","entities","warnings"]}},"errors":{"type":"array"},"modelVersion":{"type":"string"}}}}},"Extract_the_Redacted_Text":{"runAfter":{"Parse_JSON":["Succeeded"]},"type":"InitializeVariable","inputs":{"variables":[{"name":"RedactedTest","type":"string","value":"@{first(body('Parse_JSON')?['documents'])?['redactedText']}"}]}},"Send_an_email_(V2)":{"runAfter":{"Populate_a_Microsoft_Word_template":["Succeeded"]},"type":"OpenApiConnection","inputs":{"host":{"apiId":"/providers/Microsoft.PowerApps/apis/shared_office365","connectionName":"shared_office365","operationId":"SendEmailV2"},"parameters":{"emailMessage/To":"swinward@uspsnsgtenant.onmicrosoft.com","emailMessage/Subject":"Redacted Word Document","emailMessage/Body":"<p>Attached is the populated word doc that is redacted.</p>","emailMessage/Attachments":[{"Name":"Redaction.docx","ContentBytes":"@outputs('Populate_a_Microsoft_Word_template')?['body']"}]},"authentication":{"value":"@json(decodeBase64(triggerOutputs().headers['X-MS-APIM-Tokens']))['$ConnectionKey']","type":"Raw"}}},"Text_Analytics_URL_(Copy_this_from_the_Azure_Portal)":{"runAfter":{},"type":"InitializeVariable","inputs":{"variables":[{"name":"TextAnalyticsUrl","type":"string","value":"https://steve-test-2.cognitiveservices.azure.us/"}]}},"Text_Analytics_API_Key_(Copy_this_from_the_Azure_Portal)":{"runAfter":{"Text_Analytics_URL_(Copy_this_from_the_Azure_Portal)":["Succeeded"]},"type":"InitializeVariable","inputs":{"variables":[{"name":"TextAnalyticsApiKey","type":"string","value":"d5206ab2bf804704b7505c53a16fe3ba"}]}}}},"connectionReferences":{"shared_wordonlinebusiness":{"connectionName":"shared-wordonlinebus-1e953fd6-fbda-4b0d-9f4b-cbba14edb308","source":"Invoker","id":"/providers/Microsoft.PowerApps/apis/shared_wordonlinebusiness","tier":"NotSpecified"},"shared_office365":{"connectionName":"shared-office365-972baac5-2beb-4d3d-b021-417f1e754db3","source":"Invoker","id":"/providers/Microsoft.PowerApps/apis/shared_office365","tier":"NotSpecified"}},"flowFailureAlertSubscribed":false}}