{"properties":{"connectionReferences":{"shared_wordonlinebusiness_1":{"runtimeSource":"embedded","connection":{},"api":{"name":"shared_wordonlinebusiness"}},"shared_onedriveforbusiness_1":{"runtimeSource":"embedded","connection":{},"api":{"name":"shared_onedriveforbusiness"}},"shared_office365_1":{"runtimeSource":"embedded","connection":{},"api":{"name":"shared_office365"}},"shared_commondataserviceforapps":{"runtimeSource":"embedded","connection":{},"api":{"name":"shared_commondataserviceforapps"}}},"definition":{"$schema":"https://schema.management.azure.com/providers/Microsoft.Logic/schemas/2016-06-01/workflowdefinition.json#","contentVersion":"1.0.0.0","parameters":{"$connections":{"defaultValue":{},"type":"Object"},"$authentication":{"defaultValue":{},"type":"SecureObject"}},"triggers":{"When_a_record_is_created,_updated_or_deleted":{"type":"OpenApiConnectionWebhook","inputs":{"host":{"connectionName":"shared_commondataserviceforapps","operationId":"SubscribeWebhookTrigger","apiId":"/providers/Microsoft.PowerApps/apis/shared_commondataserviceforapps"},"parameters":{"subscriptionRequest/message":1,"subscriptionRequest/entityname":"cr7a2_signature","subscriptionRequest/scope":4},"authentication":"@parameters('$authentication')"}}},"actions":{"Get_Signature_Image":{"runAfter":{"Get_User_Info":["Succeeded"]},"type":"OpenApiConnection","inputs":{"host":{"connectionName":"shared_commondataserviceforapps","operationId":"GetEntityFileImageFieldContent","apiId":"/providers/Microsoft.PowerApps/apis/shared_commondataserviceforapps"},"parameters":{"entityName":"cr7a2_signatures","recordId":"@triggerOutputs()?['body/cr7a2_signatureid']","fileImageFieldName":"cr7a2_signatureimage","size":"full"},"authentication":"@parameters('$authentication')"}},"Format_the_signature_image_JSON":{"runAfter":{"Get_Signature_Image":["Succeeded"]},"type":"Compose","inputs":{"$content-type":"image/png","$content":"@{body('Get_Signature_Image')?['$content']}"}},"Populate_a_Microsoft_Word_template":{"runAfter":{"Format_the_signature_image_JSON":["Succeeded"]},"metadata":{"01EZ6IPT4YBIHFAB6WJREJ525DPIFMT2ZS":"/Signatures/AgreementsTemplate_NEW.docx","flowSystemMetadata":{"swaggerOperationId":"CreateFileItem"},"01EZ6IPT43ZISVHOLTOZCYS2KESVLAYX7R":"/Signatures/AgreementsTemplate_NEW.docx","01CVUCNNJLTBC5QKIWKFDKNPN23JSN3OWQ":"/Signatures/AgreementsTemplate_NEW.docx"},"type":"ApiConnection","inputs":{"host":{"connection":{"name":"@parameters('$connections')['shared_wordonlinebusiness_1']['connectionId']"}},"method":"post","body":{"482821023":"@outputs('Get_User_Info')?['body/fullname']","567306475":"@outputs('Format_the_signature_image_JSON')","894549179":"@triggerOutputs()?['body/createdon']","1479493694":"@triggerOutputs()?['body/createdon']"},"path":"/api/templates/getFile","queries":{"source":"me","drive":"b!xYMFbGOFpUaJoKkp5u2xmdAHcn7K8j9BgDglr2Np1x_YJvoON8xQTZFDmJ7kLOto","file":"01CVUCNNJLTBC5QKIWKFDKNPN23JSN3OWQ"},"authentication":"@parameters('$authentication')"}},"Save_Temp_File_to_OneDrive":{"runAfter":{"Populate_a_Microsoft_Word_template":["Succeeded"]},"metadata":{"flowSystemMetadata":{"swaggerOperationId":"CreateFile"}},"type":"ApiConnection","inputs":{"host":{"connection":{"name":"@parameters('$connections')['shared_onedriveforbusiness_1']['connectionId']"}},"method":"post","body":"@body('Populate_a_Microsoft_Word_template')","path":"/datasets/default/files","queries":{"folderPath":"/Signatures","name":"temp_doc_@{guid()}.docx"},"authentication":"@parameters('$authentication')"},"runtimeConfiguration":{"contentTransfer":{"transferMode":"Chunked"}}},"Convert_Word_Document_to_PDF":{"runAfter":{"Save_Temp_File_to_OneDrive":["Succeeded"]},"metadata":{"flowSystemMetadata":{"swaggerOperationId":"GetFilePDF"},"01EZ6IPT6SCWQWVQR2UFEK7MOJ5S52GNKI":"/Signatures/temp_doc.docx"},"type":"ApiConnection","inputs":{"host":{"connection":{"name":"@parameters('$connections')['shared_wordonlinebusiness_1']['connectionId']"}},"method":"get","path":"/api/templates/convertFile","queries":{"source":"me","drive":"b!xYMFbGOFpUaJoKkp5u2xmdAHcn7K8j9BgDglr2Np1x_YJvoON8xQTZFDmJ7kLOto","file":"@body('Save_Temp_File_to_OneDrive')?['Path']","format":"pdf"},"authentication":"@parameters('$authentication')"}},"Delete_Temp_File_from_OneDrive":{"runAfter":{"Convert_Word_Document_to_PDF":["Succeeded"]},"metadata":{"flowSystemMetadata":{"swaggerOperationId":"DeleteFile"}},"type":"ApiConnection","inputs":{"host":{"connection":{"name":"@parameters('$connections')['shared_onedriveforbusiness_1']['connectionId']"}},"method":"delete","path":"/datasets/default/files/@{encodeURIComponent(encodeURIComponent(body('Save_Temp_File_to_OneDrive')?['Id']))}","authentication":"@parameters('$authentication')"}},"Send_the_PDF_via_Email":{"runAfter":{"Delete_Temp_File_from_OneDrive":["Succeeded"]},"metadata":{"flowSystemMetadata":{"swaggerOperationId":"SendEmailV2"}},"type":"ApiConnection","inputs":{"host":{"connection":{"name":"@parameters('$connections')['shared_office365_1']['connectionId']"}},"method":"post","body":{"To":"@outputs('Get_User_Info')?['body/internalemailaddress']","Subject":"Form submission PDF Copy","Body":"<p>Attached is a copy of the signed PDF for the Terms and Agreements document.</p>","Attachments":[{"Name":"form.pdf","ContentBytes":"@{base64(body('Convert_Word_Document_to_PDF'))}"}]},"path":"/v2/Mail","authentication":"@parameters('$authentication')"}},"Get_User_Info":{"runAfter":{},"type":"OpenApiConnection","inputs":{"host":{"connectionName":"shared_commondataserviceforapps","operationId":"GetItem","apiId":"/providers/Microsoft.PowerApps/apis/shared_commondataserviceforapps"},"parameters":{"entityName":"systemusers","recordId":"@triggerOutputs()?['body/_createdby_value']"},"authentication":"@parameters('$authentication')"}}},"outputs":{}}},"schemaVersion":"1.0.0.0"}